user_id,age,sip_amount,frequency,start_date,last_investment_date,total_investments,stopped
1001,24,500,Monthly,2026-02-11 19:37:12.923933,2026-04-12 19:37:12.923933,2,No
1002,32,2000,Weekly,2026-02-10 19:37:12.924514,2026-04-28 19:37:12.924514,11,No
1003,28,1500,Weekly,2025-11-23 19:37:12.924530,2025-11-30 19:37:12.924530,1,Yes
1004,25,5000,Monthly,2026-02-20 19:37:12.924536,2026-04-21 19:37:12.924536,2,No
1005,24,500,Weekly,2026-01-21 19:37:12.924541,2026-02-11 19:37:12.924541,3,Yes
1006,28,500,Daily,2026-01-21 19:37:12.924547,2026-04-28 19:37:12.924547,97,No
1007,28,500,Monthly,2025-12-19 19:37:12.924551,2026-04-18 19:37:12.924551,4,No
1008,21,3000,Daily,2026-02-01 19:37:12.924560,2026-02-17 19:37:12.924560,16,Yes
1009,25,2000,Weekly,2025-12-01 19:37:12.924565,2026-01-12 19:37:12.924565,6,Yes
1010,20,3000,Daily,2025-11-08 19:37:12.924570,2026-04-28 19:37:12.924570,171,No
1011,19,2000,Daily,2026-02-21 19:37:12.924574,2026-04-28 19:37:12.924574,66,No
1012,29,3000,Weekly,2025-11-23 19:37:12.924578,2025-12-07 19:37:12.924578,2,Yes
1013,23,3000,Weekly,2026-02-10 19:37:12.924583,2026-04-28 19:37:12.924583,11,No
1014,19,5000,Daily,2026-02-20 19:37:12.924587,2026-04-28 19:37:12.924587,67,No
1015,18,1500,Daily,2026-01-11 19:37:12.924590,2026-02-08 19:37:12.924590,28,Yes
1016,29,3000,Daily,2025-12-16 19:37:12.924594,2026-04-28 19:37:12.924594,133,No
1017,29,5000,Weekly,2025-12-18 19:37:12.924598,2026-04-23 19:37:12.924598,18,No
1018,34,1000,Monthly,2026-03-27 19:37:12.924602,2026-05-26 19:37:12.924602,2,Yes
1019,27,1500,Weekly,2025-11-02 19:37:12.924606,2026-04-26 19:37:12.924606,25,No
1020,33,3000,Weekly,2026-01-04 19:37:12.924609,2026-04-26 19:37:12.924609,16,No
1021,32,500,Monthly,2026-02-18 19:37:12.924617,2026-03-20 19:37:12.924617,1,Yes
1022,32,1000,Weekly,2025-11-13 19:37:12.924628,2025-12-04 19:37:12.924628,3,Yes
1023,29,1000,Daily,2026-02-23 19:37:12.924636,2026-04-28 19:37:12.924636,64,No
1024,20,5000,Daily,2026-02-07 19:37:12.924647,2026-04-28 19:37:12.924647,80,No
1025,22,1000,Weekly,2026-03-11 19:37:12.924659,2026-03-18 19:37:12.924659,1,Yes
1026,24,1500,Weekly,2026-03-12 19:37:12.924670,2026-03-19 19:37:12.924670,1,Yes
1027,26,3000,Weekly,2026-02-15 19:37:12.924681,2026-04-26 19:37:12.924681,10,No
1028,24,3000,Weekly,2026-01-26 19:37:12.924687,2026-02-16 19:37:12.924687,3,Yes
1029,21,500,Weekly,2026-02-01 19:37:12.924694,2026-04-26 19:37:12.924694,12,No
1030,31,5000,Weekly,2025-11-21 19:37:12.924698,2026-04-24 19:37:12.924698,22,No
1031,26,500,Weekly,2026-02-15 19:37:12.924702,2026-03-01 19:37:12.924702,2,Yes
1032,19,1000,Weekly,2025-11-23 19:37:12.924706,2026-04-26 19:37:12.924706,22,No
1033,32,500,Monthly,2026-01-18 19:37:12.924710,2026-04-18 19:37:12.924710,3,No
1034,24,1500,Weekly,2025-12-19 19:37:12.924714,2026-01-09 19:37:12.924714,3,Yes
1035,29,3000,Daily,2026-01-31 19:37:12.924718,2026-02-08 19:37:12.924718,8,Yes
1036,25,1000,Weekly,2025-12-12 19:37:12.924723,2026-04-24 19:37:12.924723,19,No
1037,32,500,Weekly,2026-02-28 19:37:12.924727,2026-03-14 19:37:12.924727,2,Yes
1038,20,5000,Weekly,2025-12-08 19:37:12.924731,2025-12-29 19:37:12.924731,3,Yes
1039,31,1500,Weekly,2026-03-19 19:37:12.924736,2026-04-23 19:37:12.924736,5,No
1040,34,1500,Weekly,2025-10-30 19:37:12.924747,2025-12-18 19:37:12.924747,7,Yes
1041,21,500,Weekly,2026-02-13 19:37:12.924755,2026-04-24 19:37:12.924755,10,No
1042,25,3000,Daily,2026-02-15 19:37:12.924763,2026-02-28 19:37:12.924763,13,Yes
1043,21,500,Weekly,2026-01-15 19:37:12.924772,2026-04-23 19:37:12.924772,14,No
1044,19,1000,Daily,2025-11-23 19:37:12.924779,2026-04-28 19:37:12.924779,156,No
1045,23,500,Weekly,2025-12-31 19:37:12.924787,2026-01-28 19:37:12.924787,4,Yes
1046,27,1500,Daily,2025-11-02 19:37:12.924797,2025-12-29 19:37:12.924797,57,Yes
1047,21,500,Monthly,2026-03-27 19:37:12.924802,2026-04-26 19:37:12.924802,1,No
1048,29,3000,Weekly,2025-12-05 19:37:12.924806,2025-12-26 19:37:12.924806,3,Yes
1049,19,5000,Monthly,2026-01-20 19:37:12.924810,2026-04-20 19:37:12.924810,3,No
1050,27,2000,Monthly,2026-02-03 19:37:12.924814,2026-04-04 19:37:12.924814,2,No
1051,21,500,Monthly,2026-01-30 19:37:12.924819,2026-03-31 19:37:12.924819,2,No
1052,31,3000,Monthly,2026-02-01 19:37:12.924822,2026-04-02 19:37:12.924822,2,No
1053,33,3000,Weekly,2025-12-30 19:37:12.924827,2026-04-28 19:37:12.924827,17,No
1054,32,5000,Weekly,2026-01-20 19:37:12.924831,2026-04-28 19:37:12.924831,14,No
1055,25,1500,Daily,2025-11-17 19:37:12.924835,2026-04-28 19:37:12.924835,162,No
1056,31,3000,Daily,2026-01-12 19:37:12.924839,2026-02-18 19:37:12.924839,37,Yes
1057,25,3000,Weekly,2026-02-08 19:37:12.924843,2026-03-08 19:37:12.924843,4,Yes
1058,33,3000,Weekly,2026-03-29 19:37:12.924848,2026-04-26 19:37:12.924848,4,No
1059,30,3000,Weekly,2026-03-29 19:37:12.924852,2026-04-05 19:37:12.924852,1,Yes
1060,32,1000,Weekly,2026-03-10 19:37:12.924856,2026-04-28 19:37:12.924856,7,No
1061,30,1000,Monthly,2026-02-23 19:37:12.924860,2026-04-24 19:37:12.924860,2,No
1062,26,1500,Weekly,2026-03-02 19:37:12.924864,2026-04-27 19:37:12.924864,8,No
1063,32,500,Weekly,2025-11-19 19:37:12.924868,2025-11-26 19:37:12.924868,1,Yes
1064,30,3000,Monthly,2025-11-18 19:37:12.924872,2026-01-17 19:37:12.924872,2,Yes
1065,18,5000,Monthly,2026-01-18 19:37:12.924876,2026-04-18 19:37:12.924876,3,No
1066,24,500,Weekly,2026-03-23 19:37:12.924882,2026-04-27 19:37:12.924882,5,No
1067,26,5000,Monthly,2026-01-19 19:37:12.924886,2026-04-19 19:37:12.924886,3,No
1068,18,500,Monthly,2026-02-21 19:37:12.924890,2026-04-22 19:37:12.924890,2,No
1069,29,1500,Monthly,2026-03-28 19:37:12.924894,2026-05-27 19:37:12.924894,2,Yes
1070,25,3000,Daily,2025-12-25 19:37:12.924898,2025-12-28 19:37:12.924898,3,Yes
1071,28,3000,Weekly,2026-03-10 19:37:12.924902,2026-04-28 19:37:12.924902,7,No
1072,34,2000,Weekly,2026-03-17 19:37:12.924906,2026-04-28 19:37:12.924906,6,No
1073,25,5000,Daily,2026-02-02 19:37:12.924910,2026-03-05 19:37:12.924910,31,Yes
1074,20,500,Weekly,2026-02-09 19:37:12.924914,2026-04-27 19:37:12.924914,11,No
1075,20,500,Weekly,2026-03-07 19:37:12.924918,2026-04-25 19:37:12.924918,7,No
1076,18,1000,Monthly,2026-01-15 19:37:12.924922,2026-04-15 19:37:12.924922,3,No
1077,22,2000,Daily,2026-02-28 19:37:12.924926,2026-04-28 19:37:12.924926,59,No
1078,27,1000,Monthly,2026-02-28 19:37:12.924932,2026-04-29 19:37:12.924932,2,Yes
1079,24,1000,Weekly,2026-03-20 19:37:12.924936,2026-04-24 19:37:12.924936,5,No
1080,26,1000,Weekly,2026-03-16 19:37:12.924940,2026-04-27 19:37:12.924940,6,No
1081,24,5000,Monthly,2025-10-31 19:37:12.924944,2026-03-30 19:37:12.924944,5,No
1082,26,5000,Weekly,2026-02-06 19:37:12.924948,2026-03-06 19:37:12.924948,4,Yes
1083,25,1500,Weekly,2026-01-12 19:37:12.924952,2026-04-27 19:37:12.924952,15,No
1084,29,1500,Monthly,2026-03-28 19:37:12.924956,2026-04-27 19:37:12.924956,1,Yes
1085,19,1000,Weekly,2025-12-14 19:37:12.924960,2026-04-26 19:37:12.924960,19,No
1086,18,2000,Daily,2026-03-02 19:37:12.924964,2026-04-28 19:37:12.924964,57,No
1087,33,500,Monthly,2025-12-02 19:37:12.924973,2026-01-31 19:37:12.924973,2,Yes
1088,22,5000,Weekly,2026-01-13 19:37:12.924989,2026-04-28 19:37:12.924989,15,No
1089,20,2000,Weekly,2026-03-09 19:37:12.925000,2026-03-16 19:37:12.925000,1,Yes
1090,29,3000,Weekly,2026-03-11 19:37:12.925013,2026-04-22 19:37:12.925013,6,No
1091,25,5000,Monthly,2025-12-15 19:37:12.925022,2026-04-14 19:37:12.925022,4,No
1092,20,5000,Daily,2026-02-19 19:37:12.925033,2026-04-28 19:37:12.925033,68,No
1093,18,1500,Monthly,2025-12-28 19:37:12.925038,2026-04-27 19:37:12.925038,4,No
1094,20,500,Weekly,2026-01-26 19:37:12.925043,2026-04-27 19:37:12.925043,13,No
1095,22,500,Daily,2026-02-25 19:37:12.925048,2026-04-28 19:37:12.925048,62,No
1096,32,3000,Weekly,2026-02-26 19:37:12.925052,2026-03-05 19:37:12.925052,1,Yes
1097,31,3000,Monthly,2026-01-18 19:37:12.925056,2026-04-18 19:37:12.925056,3,No
1098,20,5000,Weekly,2026-01-09 19:37:12.925060,2026-02-13 19:37:12.925060,5,Yes
1099,18,1000,Daily,2026-02-09 19:37:12.925064,2026-02-13 19:37:12.925064,4,Yes
1100,22,1500,Weekly,2026-01-27 19:37:12.925067,2026-04-28 19:37:12.925067,13,No
1101,31,1500,Weekly,2026-01-24 19:37:12.925072,2026-04-25 19:37:12.925072,13,No
1102,24,5000,Weekly,2026-01-11 19:37:12.925076,2026-04-26 19:37:12.925076,15,No
1103,26,2000,Weekly,2026-01-19 19:37:12.925080,2026-02-09 19:37:12.925080,3,Yes
1104,32,1000,Weekly,2025-11-29 19:37:12.925084,2026-04-25 19:37:12.925084,21,No
1105,32,5000,Daily,2026-02-07 19:37:12.925087,2026-04-28 19:37:12.925087,80,No
1106,27,1000,Weekly,2025-11-27 19:37:12.925092,2026-01-22 19:37:12.925092,8,Yes
1107,30,1000,Weekly,2026-03-29 19:37:12.925095,2026-04-05 19:37:12.925095,1,Yes
1108,24,1000,Daily,2025-11-06 19:37:12.925100,2026-04-28 19:37:12.925100,173,No
1109,34,5000,Monthly,2026-03-28 19:37:12.925103,2026-04-27 19:37:12.925103,1,No
1110,21,1500,Weekly,2026-01-17 19:37:12.925108,2026-04-25 19:37:12.925108,14,No
1111,22,1500,Weekly,2026-01-11 19:37:12.925112,2026-04-26 19:37:12.925112,15,No
1112,24,1000,Monthly,2026-02-11 19:37:12.925117,2026-04-12 19:37:12.925117,2,Yes
1113,30,2000,Weekly,2025-11-04 19:37:12.925121,2026-04-28 19:37:12.925121,25,No
1114,32,500,Monthly,2025-11-02 19:37:12.925125,2025-12-02 19:37:12.925125,1,Yes
1115,28,5000,Weekly,2026-02-23 19:37:12.925129,2026-04-27 19:37:12.925129,9,No
1116,21,500,Daily,2025-11-16 19:37:12.925133,2025-12-27 19:37:12.925133,41,Yes
1117,30,2000,Weekly,2025-12-18 19:37:12.925137,2026-01-08 19:37:12.925137,3,Yes
1118,24,5000,Weekly,2025-11-18 19:37:12.925141,2026-04-28 19:37:12.925141,23,No
1119,19,1000,Weekly,2026-03-02 19:37:12.925145,2026-04-27 19:37:12.925145,8,No
1120,27,1500,Daily,2026-01-14 19:37:12.925149,2026-04-28 19:37:12.925149,104,No
1121,30,500,Daily,2026-01-17 19:37:12.925153,2026-04-28 19:37:12.925153,101,No
1122,23,3000,Daily,2025-12-31 19:37:12.925158,2026-01-25 19:37:12.925158,25,Yes
1123,29,3000,Daily,2026-03-17 19:37:12.925162,2026-04-28 19:37:12.925162,42,No
1124,29,2000,Weekly,2025-12-30 19:37:12.925167,2026-04-28 19:37:12.925167,17,No
1125,28,1000,Daily,2026-01-03 19:37:12.925170,2026-01-15 19:37:12.925170,12,Yes
1126,24,500,Weekly,2025-11-28 19:37:12.925174,2025-12-26 19:37:12.925174,4,Yes
1127,18,1000,Weekly,2026-01-01 19:37:12.925178,2026-04-23 19:37:12.925178,16,No
1128,18,500,Weekly,2025-11-08 19:37:12.925182,2025-12-27 19:37:12.925182,7,Yes
1129,30,2000,Monthly,2025-12-07 19:37:12.925186,2026-04-06 19:37:12.925186,4,No
1130,26,2000,Weekly,2025-12-03 19:37:12.925191,2026-01-28 19:37:12.925191,8,Yes
1131,20,3000,Weekly,2026-03-16 19:37:12.925196,2026-04-27 19:37:12.925196,6,No
1132,24,1000,Weekly,2026-02-02 19:37:12.925200,2026-02-09 19:37:12.925200,1,Yes
1133,23,5000,Weekly,2026-02-25 19:37:12.925204,2026-04-22 19:37:12.925204,8,No
1134,25,3000,Monthly,2026-02-04 19:37:12.925208,2026-04-05 19:37:12.925208,2,No
1135,26,1000,Daily,2026-03-20 19:37:12.925212,2026-04-02 19:37:12.925212,13,Yes
1136,22,3000,Daily,2026-02-10 19:37:12.925216,2026-03-07 19:37:12.925216,25,Yes
1137,18,5000,Weekly,2026-02-25 19:37:12.925220,2026-04-22 19:37:12.925220,8,No
1138,27,1500,Daily,2025-11-22 19:37:12.925224,2026-04-28 19:37:12.925224,157,No
1139,29,1500,Monthly,2026-01-18 19:37:12.925228,2026-04-18 19:37:12.925228,3,No
1140,32,1500,Weekly,2025-10-30 19:37:12.925232,2025-12-25 19:37:12.925232,8,Yes
1141,26,1500,Monthly,2026-03-13 19:37:12.925236,2026-04-12 19:37:12.925236,1,No
1142,34,500,Weekly,2026-02-26 19:37:12.925240,2026-03-05 19:37:12.925240,1,Yes
1143,34,1500,Weekly,2025-11-04 19:37:12.925244,2026-04-28 19:37:12.925244,25,No
1144,29,5000,Monthly,2026-03-12 19:37:12.925248,2026-04-11 19:37:12.925248,1,No
1145,24,2000,Weekly,2025-11-25 19:37:12.925253,2026-04-28 19:37:12.925253,22,No
1146,19,2000,Monthly,2025-12-23 19:37:12.925265,2026-04-22 19:37:12.925265,4,No
1147,20,500,Daily,2026-01-09 19:37:12.925274,2026-04-28 19:37:12.925274,109,No
1148,34,1500,Weekly,2026-03-01 19:37:12.925286,2026-04-26 19:37:12.925286,8,No
1149,22,1500,Daily,2026-02-19 19:37:12.925298,2026-03-06 19:37:12.925298,15,Yes
1150,34,1500,Weekly,2025-11-29 19:37:12.925312,2026-04-25 19:37:12.925312,21,No
1151,34,3000,Daily,2025-12-16 19:37:12.925319,2026-04-28 19:37:12.925319,133,No
1152,34,1000,Monthly,2025-11-09 19:37:12.925324,2026-01-08 19:37:12.925324,2,Yes
1153,19,3000,Monthly,2025-11-09 19:37:12.925328,2026-04-08 19:37:12.925328,5,No
1154,19,1000,Monthly,2026-03-14 19:37:12.925332,2026-05-13 19:37:12.925332,2,Yes
1155,22,1500,Daily,2025-12-06 19:37:12.925336,2025-12-28 19:37:12.925336,22,Yes
1156,18,1500,Weekly,2025-11-08 19:37:12.925340,2026-04-25 19:37:12.925340,24,No
1157,18,3000,Weekly,2025-11-06 19:37:12.925344,2026-01-08 19:37:12.925344,9,Yes
1158,19,3000,Weekly,2025-11-22 19:37:12.925348,2026-04-25 19:37:12.925348,22,No
1159,29,1000,Weekly,2026-02-11 19:37:12.925352,2026-04-22 19:37:12.925352,10,No
1160,23,2000,Weekly,2026-03-27 19:37:12.925356,2026-04-03 19:37:12.925356,1,Yes
1161,21,1000,Weekly,2025-12-20 19:37:12.925360,2026-01-24 19:37:12.925360,5,Yes
1162,28,3000,Weekly,2026-01-02 19:37:12.925364,2026-02-13 19:37:12.925364,6,Yes
1163,34,5000,Weekly,2025-11-29 19:37:12.925368,2025-12-13 19:37:12.925368,2,Yes
1164,23,3000,Daily,2025-12-20 19:37:12.925372,2026-01-18 19:37:12.925372,29,Yes
1165,22,5000,Daily,2026-01-18 19:37:12.925376,2026-04-28 19:37:12.925376,100,No
1166,19,500,Daily,2026-03-27 19:37:12.925380,2026-03-28 19:37:12.925380,1,Yes
1167,23,3000,Monthly,2025-12-25 19:37:12.925384,2026-01-24 19:37:12.925384,1,Yes
1168,28,500,Daily,2025-12-11 19:37:12.925388,2026-01-18 19:37:12.925388,38,Yes
1169,33,2000,Daily,2025-12-18 19:37:12.925392,2026-04-28 19:37:12.925392,131,No
1170,33,1000,Weekly,2025-12-10 19:37:12.925395,2026-04-22 19:37:12.925395,19,No
1171,18,5000,Monthly,2026-03-03 19:37:12.925399,2026-04-02 19:37:12.925399,1,No
1172,26,1000,Monthly,2025-11-01 19:37:12.925403,2026-03-31 19:37:12.925403,5,No
1173,23,500,Weekly,2026-02-24 19:37:12.925411,2026-03-10 19:37:12.925411,2,Yes
1174,33,5000,Weekly,2025-11-04 19:37:12.925417,2026-04-28 19:37:12.925417,25,No
1175,20,1000,Weekly,2026-02-06 19:37:12.925421,2026-02-20 19:37:12.925421,2,Yes
1176,21,3000,Daily,2026-03-16 19:37:12.925430,2026-03-27 19:37:12.925430,11,Yes
1177,20,1500,Monthly,2026-02-20 19:37:12.925439,2026-04-21 19:37:12.925439,2,No
1178,24,500,Weekly,2026-03-18 19:37:12.925452,2026-04-22 19:37:12.925452,5,No
1179,26,1000,Weekly,2025-11-20 19:37:12.925465,2026-04-23 19:37:12.925465,22,No
1180,18,500,Weekly,2025-11-03 19:37:12.925477,2026-04-27 19:37:12.925477,25,No
1181,25,500,Weekly,2025-11-16 19:37:12.925489,2026-04-26 19:37:12.925489,23,No
1182,24,5000,Weekly,2026-01-15 19:37:12.925502,2026-02-05 19:37:12.925502,3,Yes
1183,25,5000,Monthly,2026-01-20 19:37:12.925511,2026-04-20 19:37:12.925511,3,No
1184,18,1500,Monthly,2026-03-06 19:37:12.925517,2026-04-05 19:37:12.925517,1,No
1185,28,3000,Weekly,2025-12-07 19:37:12.925522,2026-01-11 19:37:12.925522,5,Yes
1186,27,500,Weekly,2025-12-13 19:37:12.925526,2026-04-25 19:37:12.925526,19,No
1187,20,1000,Daily,2025-12-27 19:37:12.925530,2026-01-21 19:37:12.925530,25,Yes
1188,24,2000,Weekly,2026-03-05 19:37:12.925534,2026-04-23 19:37:12.925534,7,No
1189,33,500,Daily,2025-11-15 19:37:12.925538,2026-04-28 19:37:12.925538,164,No
1190,33,500,Weekly,2025-12-26 19:37:12.925542,2026-04-24 19:37:12.925542,17,No
1191,34,1500,Monthly,2026-03-21 19:37:12.925546,2026-04-20 19:37:12.925546,1,No
1192,19,3000,Weekly,2025-12-28 19:37:12.925550,2026-04-26 19:37:12.925550,17,No
1193,18,2000,Weekly,2025-11-05 19:37:12.925554,2026-04-22 19:37:12.925554,24,No
1194,33,5000,Weekly,2026-03-06 19:37:12.925558,2026-04-24 19:37:12.925558,7,No
1195,29,5000,Daily,2025-11-27 19:37:12.925562,2025-12-11 19:37:12.925562,14,Yes
1196,22,1000,Weekly,2026-01-06 19:37:12.925566,2026-04-28 19:37:12.925566,16,No
1197,22,2000,Daily,2026-03-12 19:37:12.925570,2026-04-28 19:37:12.925570,47,No
1198,26,5000,Daily,2025-12-21 19:37:12.925574,2025-12-26 19:37:12.925574,5,Yes
1199,26,1000,Weekly,2026-01-10 19:37:12.925578,2026-04-25 19:37:12.925578,15,No
1200,20,3000,Weekly,2025-12-06 19:37:12.925582,2026-04-25 19:37:12.925582,20,No
1201,33,1000,Weekly,2026-01-11 19:37:12.925586,2026-04-26 19:37:12.925586,15,No
1202,33,5000,Daily,2026-01-06 19:37:12.925592,2026-01-19 19:37:12.925592,13,Yes
1203,20,1500,Weekly,2026-03-15 19:37:12.925597,2026-03-22 19:37:12.925597,1,Yes
1204,18,1500,Weekly,2025-12-10 19:37:12.925601,2026-04-22 19:37:12.925601,19,No
1205,28,1500,Weekly,2026-02-26 19:37:12.925605,2026-04-23 19:37:12.925605,8,No
1206,34,5000,Weekly,2026-01-24 19:37:12.925609,2026-02-21 19:37:12.925609,4,Yes
1207,25,1500,Weekly,2025-12-21 19:37:12.925613,2026-04-26 19:37:12.925613,18,No
1208,21,2000,Weekly,2026-02-03 19:37:12.925617,2026-04-28 19:37:12.925617,12,No
1209,23,3000,Weekly,2026-01-21 19:37:12.925621,2026-02-11 19:37:12.925621,3,Yes
1210,25,1000,Monthly,2025-12-01 19:37:12.925625,2026-03-31 19:37:12.925625,4,No
1211,20,1000,Weekly,2025-11-22 19:37:12.925629,2026-04-25 19:37:12.925629,22,No
1212,33,5000,Weekly,2025-11-21 19:37:12.925633,2026-01-09 19:37:12.925633,7,Yes
1213,20,1500,Weekly,2026-01-01 19:37:12.925637,2026-04-23 19:37:12.925637,16,No
1214,31,1500,Weekly,2025-12-07 19:37:12.925641,2026-04-26 19:37:12.925641,20,No
1215,19,500,Monthly,2025-12-26 19:37:12.925645,2026-04-25 19:37:12.925645,4,No
1216,20,3000,Weekly,2026-03-11 19:37:12.925652,2026-03-18 19:37:12.925652,1,Yes
1217,33,2000,Weekly,2026-02-25 19:37:12.925659,2026-04-22 19:37:12.925659,8,No
1218,26,1000,Weekly,2025-11-13 19:37:12.925666,2026-04-23 19:37:12.925666,23,No
1219,21,500,Weekly,2025-11-07 19:37:12.925672,2026-01-02 19:37:12.925672,8,Yes
1220,18,500,Weekly,2026-01-14 19:37:12.925680,2026-04-22 19:37:12.925680,14,No
1221,21,5000,Monthly,2026-01-31 19:37:12.925690,2026-04-01 19:37:12.925690,2,No
1222,18,1000,Weekly,2026-01-20 19:37:12.925699,2026-04-28 19:37:12.925699,14,No
1223,31,5000,Weekly,2025-12-09 19:37:12.925707,2026-04-28 19:37:12.925707,20,No
1224,33,2000,Monthly,2026-02-16 19:37:12.925717,2026-04-17 19:37:12.925717,2,Yes
1225,25,500,Daily,2026-01-26 19:37:12.925725,2026-04-28 19:37:12.925725,92,No
1226,24,500,Daily,2025-11-30 19:37:12.925732,2026-04-28 19:37:12.925732,149,No
1227,20,3000,Weekly,2025-12-24 19:37:12.925739,2026-04-22 19:37:12.925739,17,No
1228,34,2000,Monthly,2026-02-07 19:37:12.925747,2026-04-08 19:37:12.925747,2,No
1229,18,500,Daily,2026-03-28 19:37:12.925757,2026-03-30 19:37:12.925757,2,Yes
1230,33,2000,Daily,2026-01-18 19:37:12.925769,2026-02-07 19:37:12.925769,20,Yes
1231,29,1000,Daily,2026-01-19 19:37:12.925776,2026-04-28 19:37:12.925776,99,No
1232,31,1500,Daily,2025-11-24 19:37:12.925783,2026-04-28 19:37:12.925783,155,No
1233,23,500,Daily,2025-11-05 19:37:12.925791,2026-04-28 19:37:12.925791,174,No
1234,23,3000,Weekly,2026-02-02 19:37:12.925801,2026-04-27 19:37:12.925801,12,No
1235,30,1000,Weekly,2026-01-18 19:37:12.925810,2026-04-26 19:37:12.925810,14,No
1236,25,2000,Daily,2026-02-17 19:37:12.925817,2026-04-28 19:37:12.925817,70,No
1237,19,5000,Weekly,2026-02-09 19:37:12.925826,2026-02-16 19:37:12.925826,1,Yes
1238,18,1000,Daily,2025-11-11 19:37:12.925833,2026-01-16 19:37:12.925833,66,Yes
1239,32,500,Weekly,2025-12-10 19:37:12.925841,2026-04-22 19:37:12.925841,19,No
1240,18,2000,Weekly,2026-01-28 19:37:12.925853,2026-04-22 19:37:12.925853,12,No
1241,22,1500,Weekly,2025-11-16 19:37:12.925862,2026-04-26 19:37:12.925862,23,No
1242,33,1000,Daily,2025-11-02 19:37:12.925870,2026-04-28 19:37:12.925870,177,No
1243,21,500,Weekly,2026-03-09 19:37:12.925881,2026-03-16 19:37:12.925881,1,Yes
1244,20,3000,Daily,2026-02-13 19:37:12.925890,2026-04-28 19:37:12.925890,74,No
1245,34,5000,Monthly,2026-03-01 19:37:12.925898,2026-03-31 19:37:12.925898,1,No
1246,34,2000,Weekly,2026-01-26 19:37:12.925906,2026-04-27 19:37:12.925906,13,No
1247,29,1000,Weekly,2025-12-08 19:37:12.925916,2026-04-27 19:37:12.925916,20,No
1248,31,1000,Daily,2026-01-14 19:37:12.925927,2026-01-17 19:37:12.925927,3,Yes
1249,23,1500,Monthly,2025-12-03 19:37:12.925939,2026-01-02 19:37:12.925939,1,Yes
1250,20,1500,Daily,2025-11-08 19:37:12.925950,2026-04-28 19:37:12.925950,171,No
1251,26,3000,Daily,2026-03-19 19:37:12.925957,2026-04-28 19:37:12.925957,40,No
1252,22,5000,Weekly,2026-02-28 19:37:12.925964,2026-03-21 19:37:12.925964,3,Yes
1253,34,3000,Daily,2026-02-25 19:37:12.925972,2026-04-28 19:37:12.925972,62,No
1254,31,500,Monthly,2026-03-27 19:37:12.925979,2026-04-26 19:37:12.925979,1,No
1255,20,500,Weekly,2026-01-05 19:37:12.925988,2026-04-27 19:37:12.925988,16,No
1256,18,3000,Daily,2026-02-21 19:37:12.925997,2026-04-28 19:37:12.925997,66,No
1257,18,5000,Weekly,2025-11-30 19:37:12.926005,2026-04-26 19:37:12.926005,21,No
1258,20,3000,Monthly,2025-12-09 19:37:12.926021,2026-02-07 19:37:12.926021,2,Yes
1259,27,5000,Monthly,2025-11-19 19:37:12.926035,2026-04-18 19:37:12.926035,5,No
1260,20,5000,Weekly,2026-03-22 19:37:12.926051,2026-03-29 19:37:12.926051,1,Yes
1261,25,2000,Monthly,2026-03-03 19:37:12.926061,2026-04-02 19:37:12.926061,1,Yes
1262,31,5000,Monthly,2025-11-17 19:37:12.926069,2026-04-16 19:37:12.926069,5,No
1263,32,1500,Weekly,2025-11-03 19:37:12.926078,2025-12-01 19:37:12.926078,4,Yes
1264,19,5000,Daily,2026-02-25 19:37:12.926087,2026-04-28 19:37:12.926087,62,No
1265,27,5000,Weekly,2025-11-10 19:37:12.926095,2026-01-12 19:37:12.926095,9,Yes
1266,19,5000,Monthly,2025-11-03 19:37:12.926104,2026-04-02 19:37:12.926104,5,No
1267,34,500,Daily,2026-01-23 19:37:12.926112,2026-04-28 19:37:12.926112,95,No
1268,25,1500,Monthly,2025-11-14 19:37:12.926121,2026-04-13 19:37:12.926121,5,No
1269,18,1500,Daily,2025-11-12 19:37:12.926129,2026-04-28 19:37:12.926129,167,No
1270,26,3000,Daily,2025-12-08 19:37:12.926140,2026-04-28 19:37:12.926140,141,No
1271,28,2000,Weekly,2026-01-16 19:37:12.926148,2026-01-23 19:37:12.926148,1,Yes
1272,33,5000,Daily,2025-10-31 19:37:12.926156,2025-12-08 19:37:12.926156,38,Yes
1273,24,1000,Monthly,2026-02-12 19:37:12.926168,2026-04-13 19:37:12.926168,2,No
1274,27,2000,Monthly,2026-03-19 19:37:12.926181,2026-04-18 19:37:12.926181,1,Yes
1275,20,2000,Monthly,2025-12-17 19:37:12.926195,2026-04-16 19:37:12.926195,4,No
1276,30,1500,Weekly,2026-01-07 19:37:12.926204,2026-04-22 19:37:12.926204,15,No
1277,24,2000,Daily,2025-11-12 19:37:12.926213,2026-04-28 19:37:12.926213,167,No
1278,21,5000,Weekly,2026-01-26 19:37:12.926221,2026-02-23 19:37:12.926221,4,Yes
1279,30,5000,Weekly,2025-12-03 19:37:12.926230,2026-04-22 19:37:12.926230,20,No
1280,18,500,Weekly,2026-03-20 19:37:12.926239,2026-04-24 19:37:12.926239,5,No
1281,25,5000,Daily,2025-12-17 19:37:12.926247,2026-01-10 19:37:12.926247,24,Yes
1282,31,5000,Weekly,2026-02-21 19:37:12.926256,2026-03-07 19:37:12.926256,2,Yes
1283,33,1500,Weekly,2026-01-23 19:37:12.926264,2026-02-13 19:37:12.926264,3,Yes
1284,31,5000,Monthly,2026-01-07 19:37:12.926273,2026-02-06 19:37:12.926273,1,Yes
1285,29,500,Monthly,2026-03-11 19:37:12.926280,2026-04-10 19:37:12.926280,1,Yes
1286,32,1000,Weekly,2026-03-21 19:37:12.926287,2026-04-04 19:37:12.926287,2,Yes
1287,19,1500,Weekly,2025-11-22 19:37:12.926295,2026-01-03 19:37:12.926295,6,Yes
1288,19,1000,Weekly,2026-01-11 19:37:12.926301,2026-02-15 19:37:12.926301,5,Yes
1289,34,1500,Daily,2025-11-11 19:37:12.926309,2026-01-15 19:37:12.926309,65,Yes
1290,27,3000,Monthly,2026-01-20 19:37:12.926317,2026-03-21 19:37:12.926317,2,Yes
1291,23,2000,Monthly,2026-02-23 19:37:12.926324,2026-04-24 19:37:12.926324,2,No
1292,32,3000,Weekly,2026-03-12 19:37:12.926331,2026-03-26 19:37:12.926331,2,Yes
1293,28,5000,Weekly,2026-01-25 19:37:12.926339,2026-04-26 19:37:12.926339,13,No
1294,22,1000,Daily,2026-01-18 19:37:12.926347,2026-04-28 19:37:12.926347,100,No
1295,18,5000,Weekly,2026-02-07 19:37:12.926354,2026-04-25 19:37:12.926354,11,No
1296,25,2000,Daily,2025-11-18 19:37:12.926361,2026-04-28 19:37:12.926361,161,No
1297,29,1500,Monthly,2026-03-11 19:37:12.926372,2026-04-10 19:37:12.926372,1,Yes
1298,29,2000,Daily,2025-11-19 19:37:12.926381,2026-04-28 19:37:12.926381,160,No
1299,22,500,Weekly,2026-02-08 19:37:12.926389,2026-03-08 19:37:12.926389,4,Yes
1300,24,2000,Monthly,2026-02-19 19:37:12.926398,2026-04-20 19:37:12.926398,2,Yes
1301,21,500,Weekly,2025-10-31 19:37:12.926405,2026-04-24 19:37:12.926405,25,No
1302,23,2000,Daily,2025-12-11 19:37:12.926412,2026-04-28 19:37:12.926412,138,No
1303,30,500,Daily,2026-01-11 19:37:12.926419,2026-04-28 19:37:12.926419,107,No
1304,32,1000,Daily,2026-02-17 19:37:12.926426,2026-03-15 19:37:12.926426,26,Yes
1305,20,5000,Weekly,2026-01-03 19:37:12.926433,2026-04-25 19:37:12.926433,16,No
1306,25,5000,Daily,2025-11-23 19:37:12.926440,2025-12-02 19:37:12.926440,9,Yes
1307,33,3000,Weekly,2026-02-12 19:37:12.926447,2026-04-23 19:37:12.926447,10,No
1308,30,5000,Monthly,2026-03-08 19:37:12.926455,2026-04-07 19:37:12.926455,1,No
1309,27,1500,Daily,2025-11-26 19:37:12.926462,2026-01-06 19:37:12.926462,41,Yes
1310,34,2000,Monthly,2025-11-29 19:37:12.926472,2026-04-28 19:37:12.926472,5,No
1311,22,3000,Monthly,2026-03-24 19:37:12.926479,2026-04-23 19:37:12.926479,1,No
1312,26,1500,Daily,2026-03-04 19:37:12.926484,2026-04-28 19:37:12.926484,55,No
1313,29,1500,Monthly,2025-11-23 19:37:12.926492,2026-04-22 19:37:12.926492,5,No
1314,18,500,Weekly,2025-11-06 19:37:12.926499,2026-04-23 19:37:12.926499,24,No
1315,18,5000,Monthly,2026-03-13 19:37:12.926506,2026-04-12 19:37:12.926506,1,No
1316,32,1000,Weekly,2026-02-04 19:37:12.926513,2026-02-25 19:37:12.926513,3,Yes
1317,19,1000,Weekly,2026-01-12 19:37:12.926519,2026-04-27 19:37:12.926519,15,No
1318,33,3000,Weekly,2025-11-11 19:37:12.926527,2026-01-06 19:37:12.926527,8,Yes
1319,25,1000,Monthly,2026-01-26 19:37:12.926533,2026-04-26 19:37:12.926533,3,No
1320,30,2000,Weekly,2025-11-13 19:37:12.926540,2026-01-08 19:37:12.926540,8,Yes
1321,18,1000,Weekly,2026-02-13 19:37:12.926547,2026-03-13 19:37:12.926547,4,Yes
1322,33,3000,Monthly,2025-12-16 19:37:12.926554,2026-01-15 19:37:12.926554,1,Yes
1323,24,1000,Daily,2025-12-08 19:37:12.926561,2026-04-28 19:37:12.926561,141,No
1324,22,2000,Daily,2025-11-14 19:37:12.926567,2026-01-16 19:37:12.926567,63,Yes
1325,20,500,Daily,2026-01-26 19:37:12.926573,2026-04-28 19:37:12.926573,92,No
1326,29,3000,Weekly,2025-11-28 19:37:12.926581,2025-12-05 19:37:12.926581,1,Yes
1327,33,500,Daily,2026-01-30 19:37:12.926588,2026-04-28 19:37:12.926588,88,No
1328,22,500,Monthly,2026-01-19 19:37:12.926598,2026-04-19 19:37:12.926598,3,No
1329,31,500,Daily,2026-02-05 19:37:12.926606,2026-04-28 19:37:12.926606,82,No
1330,22,1500,Weekly,2025-10-30 19:37:12.926611,2026-04-23 19:37:12.926611,25,No
1331,32,5000,Daily,2026-01-27 19:37:12.926615,2026-04-28 19:37:12.926615,91,No
1332,34,1500,Monthly,2026-02-16 19:37:12.926619,2026-04-17 19:37:12.926619,2,No
1333,31,5000,Monthly,2025-11-23 19:37:12.926623,2026-04-22 19:37:12.926623,5,No
1334,22,500,Weekly,2025-12-24 19:37:12.926627,2025-12-31 19:37:12.926627,1,Yes
1335,29,3000,Monthly,2025-11-27 19:37:12.926631,2026-01-26 19:37:12.926631,2,Yes
1336,33,5000,Daily,2025-12-27 19:37:12.926636,2026-04-28 19:37:12.926636,122,No
1337,33,2000,Monthly,2026-03-20 19:37:12.926640,2026-04-19 19:37:12.926640,1,No
1338,24,2000,Daily,2026-03-11 19:37:12.926643,2026-03-24 19:37:12.926643,13,Yes
1339,21,1000,Monthly,2025-11-01 19:37:12.926651,2025-12-31 19:37:12.926651,2,Yes
1340,18,5000,Daily,2025-12-07 19:37:12.926661,2026-01-27 19:37:12.926661,51,Yes
1341,22,3000,Weekly,2026-02-27 19:37:12.926668,2026-04-24 19:37:12.926668,8,No
1342,27,1500,Weekly,2025-11-11 19:37:12.926676,2025-12-16 19:37:12.926676,5,Yes
1343,22,500,Daily,2026-01-23 19:37:12.926685,2026-01-28 19:37:12.926685,5,Yes
1344,21,1000,Daily,2026-03-17 19:37:12.926701,2026-04-28 19:37:12.926701,42,No
1345,19,2000,Daily,2025-11-27 19:37:12.926709,2026-01-08 19:37:12.926709,42,Yes
1346,27,1500,Weekly,2026-01-25 19:37:12.926718,2026-02-08 19:37:12.926718,2,Yes
1347,18,1500,Weekly,2025-12-21 19:37:12.926726,2026-04-26 19:37:12.926726,18,No
1348,22,500,Daily,2026-03-07 19:37:12.926734,2026-04-28 19:37:12.926734,52,No
1349,30,5000,Weekly,2026-03-27 19:37:12.926743,2026-04-24 19:37:12.926743,4,No
1350,21,2000,Daily,2025-12-17 19:37:12.926750,2026-04-28 19:37:12.926750,132,No
1351,33,3000,Monthly,2025-12-08 19:37:12.926759,2026-04-07 19:37:12.926759,4,No
1352,33,1500,Daily,2025-12-02 19:37:12.926767,2025-12-06 19:37:12.926767,4,Yes
1353,19,500,Daily,2026-02-13 19:37:12.926775,2026-03-08 19:37:12.926775,23,Yes
1354,34,3000,Daily,2026-03-24 19:37:12.926786,2026-04-28 19:37:12.926786,35,No
1355,29,5000,Weekly,2026-01-18 19:37:12.926794,2026-04-26 19:37:12.926794,14,No
1356,20,2000,Monthly,2025-12-27 19:37:12.926805,2026-01-26 19:37:12.926805,1,Yes
1357,18,5000,Weekly,2026-02-12 19:37:12.926812,2026-04-23 19:37:12.926812,10,No
1358,18,1500,Daily,2026-03-10 19:37:12.926819,2026-04-28 19:37:12.926819,49,No
1359,28,3000,Weekly,2025-12-26 19:37:12.926827,2026-04-24 19:37:12.926827,17,No
1360,22,3000,Weekly,2026-02-05 19:37:12.926835,2026-02-12 19:37:12.926835,1,Yes
1361,29,3000,Daily,2026-01-22 19:37:12.926843,2026-02-16 19:37:12.926843,25,Yes
1362,20,1500,Weekly,2026-02-10 19:37:12.926850,2026-04-28 19:37:12.926850,11,No
1363,18,1500,Monthly,2025-12-31 19:37:12.926857,2026-03-31 19:37:12.926857,3,No
1364,18,5000,Daily,2026-01-23 19:37:12.926865,2026-04-28 19:37:12.926865,95,No
1365,25,1000,Weekly,2026-02-25 19:37:12.926876,2026-04-22 19:37:12.926876,8,No
1366,27,5000,Weekly,2025-11-05 19:37:12.926886,2026-04-22 19:37:12.926886,24,No
1367,28,2000,Weekly,2026-03-11 19:37:12.926895,2026-03-18 19:37:12.926895,1,Yes
1368,29,500,Daily,2026-03-26 19:37:12.926906,2026-04-03 19:37:12.926906,8,Yes
1369,30,3000,Daily,2025-12-14 19:37:12.926919,2026-01-16 19:37:12.926919,33,Yes
1370,29,1000,Monthly,2025-11-20 19:37:12.926932,2025-12-20 19:37:12.926932,1,Yes
1371,31,500,Monthly,2026-01-23 19:37:12.926945,2026-04-23 19:37:12.926945,3,No
1372,19,1000,Weekly,2025-12-06 19:37:12.926959,2025-12-20 19:37:12.926959,2,Yes
1373,20,5000,Weekly,2026-01-30 19:37:12.926972,2026-04-24 19:37:12.926972,12,No
1374,34,1500,Weekly,2025-12-08 19:37:12.926985,2026-04-27 19:37:12.926985,20,No
1375,25,3000,Weekly,2026-03-06 19:37:12.926999,2026-04-24 19:37:12.926999,7,No
1376,27,5000,Weekly,2026-03-18 19:37:12.927011,2026-04-22 19:37:12.927011,5,No
1377,19,500,Daily,2025-12-24 19:37:12.927021,2026-04-28 19:37:12.927021,125,No
1378,26,500,Monthly,2025-12-24 19:37:12.927034,2026-04-23 19:37:12.927034,4,No
1379,24,500,Weekly,2026-03-01 19:37:12.927047,2026-04-26 19:37:12.927047,8,No
1380,21,500,Monthly,2026-01-19 19:37:12.927060,2026-04-19 19:37:12.927060,3,No
1381,30,500,Daily,2026-01-30 19:37:12.927071,2026-04-28 19:37:12.927071,88,No
1382,28,1000,Daily,2026-02-09 19:37:12.927079,2026-04-28 19:37:12.927079,78,No
1383,21,5000,Daily,2025-11-20 19:37:12.927086,2025-12-30 19:37:12.927086,40,Yes
1384,21,3000,Weekly,2026-02-08 19:37:12.927096,2026-04-26 19:37:12.927096,11,No
1385,27,1500,Monthly,2026-02-09 19:37:12.927104,2026-04-10 19:37:12.927104,2,No
1386,22,1500,Daily,2025-11-13 19:37:12.927112,2026-04-28 19:37:12.927112,166,No
1387,26,5000,Monthly,2025-12-14 19:37:12.927120,2026-02-12 19:37:12.927120,2,Yes
1388,20,5000,Weekly,2026-01-13 19:37:12.927130,2026-04-28 19:37:12.927130,15,No
1389,34,1500,Monthly,2025-11-24 19:37:12.927143,2026-04-23 19:37:12.927143,5,No
1390,20,1500,Daily,2026-02-11 19:37:12.927157,2026-02-19 19:37:12.927157,8,Yes
1391,33,1000,Monthly,2026-01-10 19:37:12.927170,2026-02-09 19:37:12.927170,1,Yes
1392,21,2000,Weekly,2026-03-01 19:37:12.927178,2026-04-26 19:37:12.927178,8,No
1393,34,3000,Daily,2025-11-27 19:37:12.927185,2026-04-28 19:37:12.927185,152,No
1394,24,500,Daily,2026-02-18 19:37:12.927193,2026-03-14 19:37:12.927193,24,Yes
1395,22,2000,Monthly,2026-03-07 19:37:12.927200,2026-04-06 19:37:12.927200,1,No
1396,29,5000,Monthly,2025-12-16 19:37:12.927208,2026-04-15 19:37:12.927208,4,No
1397,34,1500,Daily,2026-01-17 19:37:12.927221,2026-01-27 19:37:12.927221,10,Yes
1398,30,2000,Weekly,2026-01-17 19:37:12.927234,2026-04-25 19:37:12.927234,14,No
1399,20,3000,Monthly,2026-03-13 19:37:12.927247,2026-04-12 19:37:12.927247,1,Yes
1400,26,5000,Monthly,2025-11-17 19:37:12.927255,2026-04-16 19:37:12.927255,5,No
1401,34,500,Monthly,2026-01-08 19:37:12.927263,2026-03-09 19:37:12.927263,2,Yes
1402,34,500,Weekly,2026-01-20 19:37:12.927275,2026-04-28 19:37:12.927275,14,No
1403,33,3000,Weekly,2026-01-16 19:37:12.927284,2026-02-13 19:37:12.927284,4,Yes
1404,30,3000,Weekly,2026-02-09 19:37:12.927293,2026-04-27 19:37:12.927293,11,No
1405,34,1500,Weekly,2026-01-04 19:37:12.927302,2026-04-26 19:37:12.927302,16,No
1406,21,500,Weekly,2026-01-04 19:37:12.927309,2026-02-01 19:37:12.927309,4,Yes
1407,29,5000,Weekly,2026-03-14 19:37:12.927317,2026-03-21 19:37:12.927317,1,Yes
1408,26,2000,Daily,2025-11-16 19:37:12.927324,2025-12-13 19:37:12.927324,27,Yes
1409,29,5000,Monthly,2025-12-01 19:37:12.927331,2026-03-31 19:37:12.927331,4,No
1410,26,1000,Weekly,2026-02-22 19:37:12.927337,2026-04-26 19:37:12.927337,9,No
1411,24,1000,Weekly,2026-01-29 19:37:12.927344,2026-02-26 19:37:12.927344,4,Yes
1412,31,3000,Weekly,2025-12-23 19:37:12.927351,2026-01-20 19:37:12.927351,4,Yes
1413,32,1500,Weekly,2026-02-27 19:37:12.927357,2026-04-24 19:37:12.927357,8,No
1414,33,1000,Daily,2026-02-04 19:37:12.927364,2026-02-10 19:37:12.927364,6,Yes
1415,22,500,Daily,2025-12-12 19:37:12.927371,2026-04-28 19:37:12.927371,137,No
1416,20,5000,Daily,2026-03-16 19:37:12.927377,2026-03-26 19:37:12.927377,10,Yes
1417,29,5000,Daily,2025-12-04 19:37:12.927385,2026-04-28 19:37:12.927385,145,No
1418,21,3000,Weekly,2026-03-17 19:37:12.927394,2026-04-28 19:37:12.927394,6,No
1419,33,2000,Weekly,2026-01-30 19:37:12.927402,2026-04-24 19:37:12.927402,12,No
1420,24,3000,Daily,2025-12-08 19:37:12.927410,2026-04-28 19:37:12.927410,141,No
1421,30,2000,Weekly,2026-03-27 19:37:12.927418,2026-04-03 19:37:12.927418,1,Yes
1422,27,3000,Daily,2025-12-19 19:37:12.927425,2026-01-22 19:37:12.927425,34,Yes
1423,24,3000,Monthly,2026-01-27 19:37:12.927432,2026-04-27 19:37:12.927432,3,No
1424,31,3000,Monthly,2026-03-20 19:37:12.927438,2026-04-19 19:37:12.927438,1,No
1425,22,2000,Daily,2025-11-08 19:37:12.927446,2025-11-21 19:37:12.927446,13,Yes
1426,20,2000,Weekly,2026-01-26 19:37:12.927454,2026-02-02 19:37:12.927454,1,Yes
1427,28,3000,Daily,2026-03-28 19:37:12.927461,2026-04-05 19:37:12.927461,8,Yes
1428,28,1000,Weekly,2025-11-12 19:37:12.927473,2026-01-07 19:37:12.927473,8,Yes
1429,32,1500,Weekly,2025-12-28 19:37:12.927481,2026-04-26 19:37:12.927481,17,No
1430,29,1500,Daily,2026-01-07 19:37:12.927490,2026-02-01 19:37:12.927490,25,Yes
1431,26,1500,Weekly,2025-11-09 19:37:12.927498,2026-04-26 19:37:12.927498,24,No
1432,27,2000,Daily,2026-02-21 19:37:12.927505,2026-04-28 19:37:12.927505,66,No
1433,29,2000,Daily,2025-11-19 19:37:12.927513,2026-04-28 19:37:12.927513,160,No
1434,34,1000,Weekly,2026-03-19 19:37:12.927520,2026-04-23 19:37:12.927520,5,No
1435,23,1500,Weekly,2026-01-12 19:37:12.927526,2026-04-27 19:37:12.927526,15,No
1436,24,1500,Weekly,2025-12-20 19:37:12.927532,2026-04-25 19:37:12.927532,18,No
1437,31,3000,Weekly,2025-12-23 19:37:12.927538,2026-02-10 19:37:12.927538,7,Yes
1438,30,2000,Monthly,2026-03-01 19:37:12.927544,2026-03-31 19:37:12.927544,1,No
1439,25,1500,Daily,2025-12-06 19:37:12.927551,2026-04-28 19:37:12.927551,143,No
1440,27,5000,Weekly,2026-02-23 19:37:12.927557,2026-04-27 19:37:12.927557,9,No
1441,26,1000,Weekly,2025-11-12 19:37:12.927565,2026-04-22 19:37:12.927565,23,No
1442,19,5000,Weekly,2026-02-04 19:37:12.927572,2026-02-25 19:37:12.927572,3,Yes
1443,22,5000,Monthly,2026-02-23 19:37:12.927581,2026-04-24 19:37:12.927581,2,No
1444,22,1000,Weekly,2026-01-16 19:37:12.927589,2026-02-06 19:37:12.927589,3,Yes
1445,23,5000,Weekly,2026-02-05 19:37:12.927597,2026-03-05 19:37:12.927597,4,Yes
1446,25,1500,Weekly,2025-11-13 19:37:12.927604,2026-04-23 19:37:12.927604,23,No
1447,33,2000,Monthly,2026-03-09 19:37:12.927613,2026-05-08 19:37:12.927613,2,Yes
1448,30,1000,Monthly,2025-12-15 19:37:12.927620,2026-02-13 19:37:12.927620,2,Yes
1449,18,3000,Weekly,2025-12-19 19:37:12.927628,2026-04-24 19:37:12.927628,18,No
1450,34,5000,Weekly,2026-02-04 19:37:12.927635,2026-04-22 19:37:12.927635,11,No
1451,24,1000,Daily,2026-02-16 19:37:12.927643,2026-03-11 19:37:12.927643,23,Yes
1452,30,500,Daily,2026-01-27 19:37:12.927652,2026-02-10 19:37:12.927652,14,Yes
1453,21,500,Weekly,2025-12-11 19:37:12.927659,2026-01-29 19:37:12.927659,7,Yes
1454,21,2000,Daily,2026-03-29 19:37:12.927667,2026-04-03 19:37:12.927667,5,Yes
1455,23,1500,Weekly,2025-11-15 19:37:12.927676,2025-11-22 19:37:12.927676,1,Yes
1456,29,2000,Daily,2025-12-14 19:37:12.927684,2026-04-28 19:37:12.927684,135,No
1457,24,2000,Weekly,2025-12-25 19:37:12.927695,2026-04-23 19:37:12.927695,17,No
1458,27,2000,Weekly,2025-12-14 19:37:12.927706,2026-01-11 19:37:12.927706,4,Yes
1459,24,2000,Monthly,2025-12-20 19:37:12.927714,2026-04-19 19:37:12.927714,4,No
1460,20,3000,Daily,2025-12-04 19:37:12.927722,2026-01-04 19:37:12.927722,31,Yes
1461,30,3000,Weekly,2026-02-22 19:37:12.927731,2026-04-26 19:37:12.927731,9,No
1462,30,1000,Monthly,2025-11-04 19:37:12.927738,2026-01-03 19:37:12.927738,2,Yes
1463,25,500,Daily,2026-03-26 19:37:12.927745,2026-04-28 19:37:12.927745,33,No
1464,26,2000,Monthly,2026-03-27 19:37:12.927754,2026-04-26 19:37:12.927754,1,No
1465,24,1000,Weekly,2025-10-30 19:37:12.927760,2025-11-13 19:37:12.927760,2,Yes
1466,18,500,Weekly,2025-11-20 19:37:12.927768,2026-04-23 19:37:12.927768,22,No
1467,20,5000,Monthly,2025-11-27 19:37:12.927775,2025-12-27 19:37:12.927775,1,Yes
1468,30,1500,Daily,2026-02-08 19:37:12.927782,2026-04-28 19:37:12.927782,79,No
1469,34,3000,Weekly,2025-12-12 19:37:12.927790,2026-04-24 19:37:12.927790,19,No
1470,18,5000,Monthly,2026-01-05 19:37:12.927797,2026-02-04 19:37:12.927797,1,Yes
1471,23,500,Daily,2026-03-08 19:37:12.927804,2026-03-12 19:37:12.927804,4,Yes
1472,23,5000,Weekly,2026-02-18 19:37:12.927812,2026-04-22 19:37:12.927812,9,No
1473,29,1500,Monthly,2026-01-06 19:37:12.927819,2026-04-06 19:37:12.927819,3,No
1474,30,500,Daily,2025-12-20 19:37:12.927826,2026-04-28 19:37:12.927826,129,No
1475,30,5000,Monthly,2025-11-19 19:37:12.927833,2026-04-18 19:37:12.927833,5,No
1476,32,3000,Weekly,2025-11-11 19:37:12.927841,2026-04-28 19:37:12.927841,24,No
1477,33,3000,Weekly,2026-03-07 19:37:12.927848,2026-04-25 19:37:12.927848,7,No
1478,28,1000,Weekly,2026-03-25 19:37:12.927855,2026-04-01 19:37:12.927855,1,Yes
1479,22,5000,Daily,2025-12-11 19:37:12.927863,2026-04-28 19:37:12.927863,138,No
1480,21,2000,Monthly,2025-11-04 19:37:12.927870,2026-04-03 19:37:12.927870,5,No
1481,20,5000,Monthly,2025-11-12 19:37:12.927877,2025-12-12 19:37:12.927877,1,Yes
1482,32,500,Weekly,2026-03-17 19:37:12.927885,2026-03-31 19:37:12.927885,2,Yes
1483,26,500,Weekly,2025-12-23 19:37:12.927892,2026-01-06 19:37:12.927892,2,Yes
1484,34,5000,Weekly,2026-01-05 19:37:12.927899,2026-04-27 19:37:12.927899,16,No
1485,31,1500,Weekly,2026-01-26 19:37:12.927907,2026-04-27 19:37:12.927907,13,No
1486,32,3000,Weekly,2025-11-24 19:37:12.927914,2026-01-12 19:37:12.927914,7,Yes
1487,18,500,Weekly,2025-12-10 19:37:12.927922,2026-04-22 19:37:12.927922,19,No
1488,20,3000,Weekly,2026-01-26 19:37:12.927929,2026-03-02 19:37:12.927929,5,Yes
1489,33,500,Weekly,2025-12-08 19:37:12.927936,2026-04-27 19:37:12.927936,20,No
1490,28,1000,Weekly,2026-02-13 19:37:12.927943,2026-04-24 19:37:12.927943,10,No
1491,29,2000,Daily,2026-01-06 19:37:12.927950,2026-04-28 19:37:12.927950,112,No
1492,27,500,Daily,2026-02-24 19:37:12.927958,2026-04-28 19:37:12.927958,63,No
1493,33,3000,Weekly,2026-02-26 19:37:12.927965,2026-03-12 19:37:12.927965,2,Yes
1494,25,1000,Weekly,2026-03-19 19:37:12.927973,2026-04-23 19:37:12.927973,5,No
1495,23,500,Weekly,2026-03-11 19:37:12.927981,2026-04-22 19:37:12.927981,6,No
1496,29,1500,Weekly,2026-03-18 19:37:12.927989,2026-04-22 19:37:12.927989,5,No
1497,25,2000,Weekly,2025-11-23 19:37:12.927997,2026-04-26 19:37:12.927997,22,No
1498,21,500,Weekly,2025-12-23 19:37:12.928005,2026-04-28 19:37:12.928005,18,No
1499,25,1000,Weekly,2026-03-22 19:37:12.928012,2026-03-29 19:37:12.928012,1,Yes
1500,22,1500,Weekly,2026-03-14 19:37:12.928019,2026-04-25 19:37:12.928019,6,No
